Model,MSE,R2 Score
Linear Regression,1586.6041291821762,0.885114051325719
Ridge Regression,1586.6304050833492,0.8851121486886477
Lasso Regression,1586.6762534629088,0.8851088288091113
